name,1,2,3
barl,0,85.99090000000001,7.616664846148579
bayes,2,68.7544,8.505873733629276
epopt,4,-69.21136666666666,7.412868735963804
qmdp,6,-103.7388,0.3225996218224687
per_mdp_optimal,8,441.388,1.0
