name,1,2,3
barl,0,125.62933333333335,6.926427880121075
bayes,2,204.69790000000003,4.966634880737214
epopt,4,-8.315300000000002,8.087100534410752
qmdp,6,-99.9491,1.3457357872182785
per_mdp_optimal,8,422.009,1.0
