name,1,2,3
barl,0,193.86183333333335,9.468266684865862
bayes,2,152.30993333333333,12.829477547597032
epopt,4,131.5018333333333,5.84483096554047
qmdp,6,556.6898,1.1600105758138584
per_mdp_optimal,8,517.414,1.0
