name,1,2,3
barl,0,303.0637666666667,8.096474869099698
bayes,2,256.04929999999996,6.582523409107212
epopt,4,145.9809333333333,15.97601682348564
qmdp,6,507.02919999999995,0.8381686679899195
per_mdp_optimal,8,495.07,1.0
