name,1,2,3
barl,0,484.71510000000006,7.147451095064122
bayes,2,459.0157000000001,4.807041156967326
epopt,4,65.59266666666666,1.8458392016962142
qmdp,6,317.6278,0.839380078391189
per_mdp_optimal,8,500.819,1.0
