name,1,2,3
barl,0,64.62626666666667,2.019969274207096
bayes,2,46.76806666666667,1.8892399706015426
epopt,4,82.57633333333337,1.4007258509892753
qmdp,6,47.3176,1.4817598064463755
per_mdp_optimal,8,74.295,1.0
