name,1,2,3
barl,0,170.11946666666668,2.081001100823743
bayes,2,138.3572333333333,1.9387914911003097
epopt,4,115.30713333333333,2.0227196036433135
qmdp,6,264.1585,1.3522127218008253
per_mdp_optimal,8,221.566,1.0
